LFDNR,lat,lon
385,51.97338714186586,7.564031308432299
386,51.9731277876208,7.564884017346626
406,51.95767501214001,7.570512046273654
407,51.95793167764302,7.57018382514961
408,51.95736808073392,7.568921518279019
409,51.957093627923015,7.569264847935296
410,51.95885850911567,7.570270754211104
411,51.963979662098765,7.5894888818628745
412,52.04134648690663,7.619755432872326
414,51.922364762700354,7.565965595668791
438,51.9247471063656,7.520165600378265
452,51.99973143927339,7.698549045384186
465,51.90216408752481,7.650517769706671
466,51.90239619129649,7.652733933354781
467,51.901952872474375,7.654839501983842
468,51.90206566237467,7.655272031656542
277,51.96078106769798,7.6191819309111235
416,51.92418175180314,7.577876613776169
423,51.93655853339531,7.590376993967109
425,51.93519682725907,7.588500237190571
495,51.96218210525796,7.63218977024612
464,51.898538430646724,7.648650313956656
471,51.90386773568385,7.653300226528078
276,51.9606735838905,7.619214328928463
382,51.969271109614986,7.581042877190395
393,51.953378513765514,7.533204987726809
394,51.95459048224253,7.537427816302943
404,51.966890400337846,7.563642154707389
418,51.925721690607,7.584038026210478
419,51.92566391244845,7.583719887403725
443,51.987069284550614,7.697547218765874
444,51.99619135687149,7.711047536872245
447,51.977885271808276,7.705370374713437
482,51.90267702433033,7.6249291169071
391,51.95336386527106,7.534194660957763
403,51.96605148247012,7.565634120478433
413,51.92091782991677,7.566026250707988
415,51.9221941628973,7.565985575219174
799,51.95349476415369,7.535325057497648
985,51.95714632190859,7.640518705450562
1122,51.93360710633207,7.63125483257357
1123,51.93371049780597,7.631644283910869
1124,51.93394275688842,7.631520892525232
1352,51.957931196991886,7.637658105991237
1125,51.93417484692176,7.6313829733370895
383,51.97729233257277,7.573880208171229
387,51.944262709136744,7.5280189819609005
396,51.941185581607556,7.551369705582092
397,51.945891372623045,7.547973403163013
398,51.94495660476216,7.548003593741346
417,51.92574246541668,7.5842700689469655
420,51.927510057933326,7.586948735855708
422,51.93721013234573,7.590749214215444
473,51.9060434810633,7.651782080213528
477,51.900147459436354,7.644751851085973
591,51.906029519006616,7.633414868261318
592,51.90575334340853,7.633626681883662
593,51.913707187923066,7.635115012888672
594,51.908686684117754,7.633901057423302
613,52.00508391859556,7.611372267727036
616,51.99356475002756,7.617242885818925
1025,51.930047029965195,7.718237938612723
1098,51.93916704873015,7.647741540490233
1108,51.937333046821934,7.644639946557989
1109,51.991924312768795,7.5696429969543635
615,51.99359721880302,7.618479469737565
617,51.99258083732539,7.619952077710842
620,51.98854857233493,7.610292850559558
621,51.988501587598165,7.610119597492125
1366,51.974728447834764,7.616737088276109
1387,51.970496568906064,7.651727871857817
1416,51.99171751179809,7.666756812661571
595,51.9103699791677,7.633341374389695
606,51.98687821188709,7.633476443084501
614,52.00503170572838,7.6115195758225065
1026,51.917425501472685,7.730099088813947
1091,51.93707792142736,7.649040862891931
1092,51.934343636024344,7.646621042996989
1093,51.93451173951931,7.652652689385744
1118,51.932682622148484,7.632140813172448
597,51.9055850330885,7.6620257562411584
598,51.90406123189979,7.673521206699021
603,51.99793872133186,7.66689255486168
604,51.98790771252115,7.663681670060943
1030,51.91359833698594,7.724580316165715
1119,51.93281811441627,7.631424227123818
1121,51.933362825639804,7.631116865241063
608,51.99310992801433,7.599275828993893
619,51.99660496584846,7.603709816737567
1107,51.93744308585799,7.644825744212425
1120,51.93311276788086,7.631255330013331
1656,51.96786151791808,7.6336468355812075
1699,51.96227732048927,7.6565361557835585
1704,51.96064600833423,7.607706922205502
618,51.99173174531246,7.621128313994017
1096,51.93835052060828,7.6463258889721075
1097,51.9386015708257,7.647045712115916
1113,52.00248909828098,7.544656388265896
1114,51.99409083071489,7.547565145519197
1432,51.9727433683776,7.624490271099409
1506,51.99534751583557,7.657155761589913
1507,51.995170795687855,7.65742311949036
1561,51.9682332611634,7.656597666818071
1598,51.92454089947691,7.5259460496362465
1619,51.96521707087293,7.60055216471115
1672,51.92611176137185,7.623603072826525
429,51.93120804023439,7.579676279050575
395,51.94073474116362,7.551267842738947
472,51.90421750374065,7.650877683146361
1490,51.9421116541806,7.619085580843073
1491,51.94014021562543,7.618826093524624
1493,51.93289307293071,7.61400295340001
1496,51.90461987897464,7.6374245562118395
1497,51.93742937288732,7.635326566224999
1555,51.955672607519446,7.6173747082921945
1563,51.9308650812105,7.579570746647174
1571,51.97611820304324,7.600431146075665
1573,51.94273957895603,7.610573061458276
199,51.96208650537425,7.616762437148607
1611,51.94859352651689,7.588865579854992
1620,51.876976054606345,7.565376366466155
1622,51.96035956169298,7.648457450007373
1642,51.96146442571307,7.6166214823066865
1702,51.92692821174232,7.620519766875421
427,51.92938652795937,7.580737377929995
399,51.96666041078988,7.578774025892675
1513,51.96045761842396,7.623032758595408
1565,51.93086257208471,7.570450981860974
1566,51.93073939906846,7.571414877749465
1570,51.907043266079675,7.633253361707461
1572,51.96697991673197,7.642913509569914
1603,51.9639011172197,7.638991536323292
1625,51.87718233429264,7.561650660965628
1648,51.952940087952165,7.642871365901507
1661,51.95950330301415,7.606083720158572
1663,51.96069566871814,7.601274729510376
1664,51.96230774517541,7.600031559739309
1665,51.96097971864943,7.6017314699465075
1666,51.965256636325385,7.599343239369296
1667,51.969387090966514,7.594470650211973
1681,51.995466828317035,7.6154225854409665
1682,51.9620566436165,7.596300163903744
1683,51.961564682708705,7.594991527133733
1693,51.97796038198702,7.637123993545642
1698,51.94692052509245,7.611462124088233
1514,51.96596610248738,7.62677830185732
1544,51.94713823887018,7.638000390366777
1556,51.92980709462117,7.598555634672378
1562,51.93140935462343,7.612420176812169
1564,51.92936977851163,7.580839719381442
1604,51.9717670257037,7.610986256762059
1623,51.87778639010838,7.562517595486498
1624,51.87772810573796,7.565846380842414
1630,51.95577447181409,7.623772436237313
1676,51.95568105777256,7.603612620972802
1680,51.94520592319094,7.647176848349885
1489,51.943947962971166,7.630096913655791
1494,51.9329278911725,7.614670726170857
1502,51.971837287134015,7.633133123995501
1511,51.958591093858864,7.647142556255911
1542,51.949336652835754,7.641380047497141
1560,51.96761453919332,7.658304066410606
1575,51.94537265665263,7.647608165088895
1587,51.88844277925193,7.653978742018548
1595,51.975988304739396,7.618365681003414
1596,51.951910804475624,7.632398805636923
1601,51.95900323083739,7.622408004575587
1610,51.939589673547594,7.620166315116885
1617,51.95947643389906,7.619832985767214
1618,51.961818318826396,7.616130266075006
1631,51.9618980636894,7.622464920094315
1643,51.962948323159246,7.620476675746736
1644,51.963085365423815,7.620661690420387
1650,51.96141113761795,7.642167173423349
1651,51.94982240091746,7.635969021593327
1657,51.95382631196588,7.613998349358881
1675,51.96221474353146,7.636233452720685
1677,51.9076191914021,7.649671414049889
1694,51.95577223356209,7.6189718554251105
1695,51.94416337402027,7.616230264722158
1696,51.980673021336685,7.634551685878077
424,51.93666483585466,7.588745060336559
1543,51.94867702187899,7.63732808101582
1547,51.91982262608572,7.632313278046825
1552,51.97676230079057,7.61004599510747
1553,51.97684110799563,7.609868908165719
1554,51.96273428790662,7.6145009530699195
1582,51.9040945959622,7.6409713877359895
1616,51.959781573207565,7.619794533656157
1641,51.96119769480441,7.620987798943686
1647,51.96237422982844,7.630932673149906
1655,51.9685090883624,7.639898862037929
1673,51.959216671690996,7.62992302581359
1684,51.959201603740645,7.598076825611074
1685,51.96642797622778,7.591289170705971
1495,51.927380569437574,7.620656644745146
1512,51.961235715316434,7.630414434732859
1515,51.95525235834376,7.632967713196331
1516,51.95571946869082,7.631396956309898
1517,51.95973445393975,7.626531983666382
1518,51.95975374113176,7.629732098807632
1568,51.97367738594512,7.619047930207727
1569,51.9735695700947,7.619051230707422
1577,51.904913646661356,7.648095953799455
1581,51.930214967301836,7.607179197892301
1653,51.96503844770863,7.638593178073107
1654,51.9685162284902,7.639738588318484
1709,51.97695019490156,7.604612908131006
1748,51.97965451274953,7.614328395802636
1739,51.885012441468184,7.605573072248059
1824,51.89042800681103,7.577242196382234
1718,51.953987372740194,7.62463728845785
1738,51.9488988632292,7.674877289756801
1832,51.906266800732894,7.6399640292784365
1834,51.90420734787358,7.654010336760593
1847,51.98935325257913,7.699184934693662
1858,51.951258395330605,7.665654732808205
1880,51.92297112054145,7.7273976580825305
1874,51.936463902517076,7.6503830761685805
1870,51.913242093419036,7.684054775573022
1875,51.93056211562025,7.7192995846748
1878,51.92534755434389,7.724319998216251
1907,51.95702338803988,7.637511623567795
1856,51.99750638912707,7.6354233718629345
1860,52.009861876896515,7.585215507298719
1876,51.9343660882644,7.651711547917278
1882,51.91417883679917,7.723386159555572
1855,51.99823563129942,7.635503164586636
1857,51.95161257734129,7.665964358011446
1859,51.95114702352047,7.668524711146242
1863,51.92508424715192,7.523383150017794
1879,51.92517897217775,7.724528382214362
